model_id,ckpt,kind,scale,supported,is_trained,size_mb
4xLSDIRCompactv2,E:\python projects\upscale_anime\pretrained\4xLSDIRCompactv2.pth,srvgg,4,True,False,1.26
AnimeSR_v1-PaperModel,E:\python projects\upscale_anime\pretrained\AnimeSR_v1-PaperModel.pth,animesr,4,True,False,6.0
AnimeSR_v2,E:\python projects\upscale_anime\pretrained\AnimeSR_v2.pth,animesr,4,True,False,6.0
eranet_N12_pretrain_325k,E:\python projects\upscale_anime\pretrained\eranet_N12_pretrain_325k.pth,era,2,True,False,2.71
realesr-animevideov3,E:\python projects\upscale_anime\pretrained\realesr-animevideov3.pth,srvgg,4,True,False,2.5
RFDN_distill_v1_4x_student,E:\python projects\upscale_anime\pretrained\RFDN_distill_v1_4x_student.pth,rfdn_student,4,True,True,1.33
RFDN_distill_v2_2x_student,E:\python projects\upscale_anime\pretrained\RFDN_distill_v2_2x_student.pth,rfdn_student,4,True,True,1.27
span_mssim_pretrain_4x,E:\python projects\upscale_anime\pretrained\span_mssim_pretrain_4x.pth,span,4,True,False,9.02
span_pix_pretrain_4x,E:\python projects\upscale_anime\pretrained\span_pix_pretrain_4x.pth,span,4,True,False,9.02
SRVGG_distill_v1_4x_student,E:\python projects\upscale_anime\pretrained\SRVGG_distill_v1_4x_student.pth,srvgg_student,4,True,True,12.37
EDSR_x4,E:\python projects\upscale_anime\pretrained\EDSR_x4.pt,?,?,False,False,6.1
RCAN_x4,E:\python projects\upscale_anime\pretrained\RCAN_x4.pt,?,?,False,False,63.03
SwinIR_x4,E:\python projects\upscale_anime\pretrained\SwinIR_x4.pt,?,?,False,False,59.61
