frame,ms
0,49.72
1,46.82
2,48.33
3,45.47
4,46.92
5,48.55
6,48.65
7,45.63
8,45.31
9,46.62
10,45.92
11,46.41
12,46.14
13,45.66
14,46.49
15,46.25
16,45.34
17,46.54
18,46.94
19,45.49
20,47.28
21,47.34
22,45.59
23,46.29
24,45.7
25,46.59
26,45.87
27,46.4
28,46.09
29,46.22
30,46.45
31,45.74
32,46.65
33,45.84
34,46.47
35,47.26
36,45.9
37,46.83
38,48.75
39,45.44
40,46.95
41,45.86
42,46.71
43,45.96
44,46.36
45,46.07
46,46.56
47,45.65
48,46.85
49,46.43
50,46.5
51,45.64
52,47.76
53,47.36
54,47.2
55,46.17
56,45.98
57,46.59
58,46.21
59,45.65
60,46.75
61,46.37
62,47.89
63,45.65
64,46.62
65,45.64
66,45.87
67,46.64
68,46.1
69,46.18
70,46.89
71,46.22
72,46.46
73,46.76
74,45.59
75,46.17
76,46.98
77,45.56
78,45.96
79,46.42
80,46.85
81,45.62
82,46.68
83,47.21
84,47.55
85,45.53
86,45.84
87,46.21
88,46.96
89,46.92
